code,file
DGLC-GABTXN,invite-DGLC-GABTXN.html
DGLC-9FXD6P,invite-DGLC-9FXD6P.html
DGLC-HPVG72,invite-DGLC-HPVG72.html
DGLC-GJBZ84,invite-DGLC-GJBZ84.html
DGLC-64G1B3,invite-DGLC-64G1B3.html
DGLC-VYF7AF,invite-DGLC-VYF7AF.html
DGLC-CNLED6,invite-DGLC-CNLED6.html
DGLC-O1INBY,invite-DGLC-O1INBY.html
DGLC-P97QWB,invite-DGLC-P97QWB.html
DGLC-OT4EGQ,invite-DGLC-OT4EGQ.html
DGLC-JW4RNN,invite-DGLC-JW4RNN.html
DGLC-W4BTZB,invite-DGLC-W4BTZB.html
DGLC-89RXIM,invite-DGLC-89RXIM.html
DGLC-P8H9WX,invite-DGLC-P8H9WX.html
DGLC-AG9U1J,invite-DGLC-AG9U1J.html
DGLC-KPA5XW,invite-DGLC-KPA5XW.html
DGLC-DF7JM5,invite-DGLC-DF7JM5.html
DGLC-NYDXH5,invite-DGLC-NYDXH5.html
DGLC-HJUTDD,invite-DGLC-HJUTDD.html
DGLC-BJTJA0,invite-DGLC-BJTJA0.html
DGLC-Z1UWO1,invite-DGLC-Z1UWO1.html
DGLC-HD5BOT,invite-DGLC-HD5BOT.html
DGLC-H8YA1I,invite-DGLC-H8YA1I.html
DGLC-K1KH9I,invite-DGLC-K1KH9I.html
DGLC-9D8PK6,invite-DGLC-9D8PK6.html
DGLC-VWKZ5H,invite-DGLC-VWKZ5H.html
DGLC-LI6B6P,invite-DGLC-LI6B6P.html
DGLC-XWGP03,invite-DGLC-XWGP03.html
DGLC-VGHKVP,invite-DGLC-VGHKVP.html
DGLC-4MEMNZ,invite-DGLC-4MEMNZ.html
DGLC-HU34YB,invite-DGLC-HU34YB.html
DGLC-EF5WXZ,invite-DGLC-EF5WXZ.html
DGLC-D86KRF,invite-DGLC-D86KRF.html
DGLC-F073Z6,invite-DGLC-F073Z6.html
DGLC-U85H4L,invite-DGLC-U85H4L.html
DGLC-68MWL1,invite-DGLC-68MWL1.html
DGLC-32CDJ5,invite-DGLC-32CDJ5.html
DGLC-5XNFL5,invite-DGLC-5XNFL5.html
DGLC-CZXFKC,invite-DGLC-CZXFKC.html
DGLC-2TFCWH,invite-DGLC-2TFCWH.html
DGLC-ZR6OLT,invite-DGLC-ZR6OLT.html
DGLC-41I1L2,invite-DGLC-41I1L2.html
DGLC-M7JI0N,invite-DGLC-M7JI0N.html
DGLC-5EG4JQ,invite-DGLC-5EG4JQ.html
DGLC-DV3ZUP,invite-DGLC-DV3ZUP.html
DGLC-9YRKTG,invite-DGLC-9YRKTG.html
DGLC-9QT2ZL,invite-DGLC-9QT2ZL.html
DGLC-L08ZY5,invite-DGLC-L08ZY5.html
DGLC-PK7AOF,invite-DGLC-PK7AOF.html
DGLC-T8CZ7M,invite-DGLC-T8CZ7M.html
DGLC-TS43VE,invite-DGLC-TS43VE.html
DGLC-HYS9V0,invite-DGLC-HYS9V0.html
DGLC-LIJR31,invite-DGLC-LIJR31.html
DGLC-3S1I6V,invite-DGLC-3S1I6V.html
DGLC-NXG0WS,invite-DGLC-NXG0WS.html
DGLC-KZP88E,invite-DGLC-KZP88E.html
DGLC-GAYC8M,invite-DGLC-GAYC8M.html
DGLC-49UD7V,invite-DGLC-49UD7V.html
DGLC-CZQ899,invite-DGLC-CZQ899.html
DGLC-WW4CZQ,invite-DGLC-WW4CZQ.html
DGLC-ZTADJ3,invite-DGLC-ZTADJ3.html
DGLC-BQXUOL,invite-DGLC-BQXUOL.html
DGLC-AUHXRS,invite-DGLC-AUHXRS.html
DGLC-CAW6UF,invite-DGLC-CAW6UF.html
DGLC-FV1SQ8,invite-DGLC-FV1SQ8.html
DGLC-XK8VVO,invite-DGLC-XK8VVO.html
DGLC-D8RW2Z,invite-DGLC-D8RW2Z.html
DGLC-3LDLNL,invite-DGLC-3LDLNL.html
DGLC-ABJOI5,invite-DGLC-ABJOI5.html
DGLC-L2WJXC,invite-DGLC-L2WJXC.html
DGLC-AXAKO7,invite-DGLC-AXAKO7.html
DGLC-V9YTXL,invite-DGLC-V9YTXL.html
DGLC-U6KR4J,invite-DGLC-U6KR4J.html
DGLC-2JLQUC,invite-DGLC-2JLQUC.html
DGLC-EWUJ2J,invite-DGLC-EWUJ2J.html
DGLC-D827XV,invite-DGLC-D827XV.html
DGLC-DTLT8V,invite-DGLC-DTLT8V.html
DGLC-BPWW3T,invite-DGLC-BPWW3T.html
DGLC-7HNCUH,invite-DGLC-7HNCUH.html
DGLC-H6UO8S,invite-DGLC-H6UO8S.html
DGLC-SQDW8V,invite-DGLC-SQDW8V.html
DGLC-06TWZD,invite-DGLC-06TWZD.html
DGLC-Z6X1EB,invite-DGLC-Z6X1EB.html
DGLC-KOSZBF,invite-DGLC-KOSZBF.html
DGLC-4ZGN28,invite-DGLC-4ZGN28.html
DGLC-NJY0MJ,invite-DGLC-NJY0MJ.html
DGLC-JF6S7T,invite-DGLC-JF6S7T.html
DGLC-5USOJZ,invite-DGLC-5USOJZ.html
DGLC-TUYB97,invite-DGLC-TUYB97.html
DGLC-RXUL24,invite-DGLC-RXUL24.html
DGLC-KUCWPU,invite-DGLC-KUCWPU.html
DGLC-6I5I74,invite-DGLC-6I5I74.html
DGLC-DT0JLD,invite-DGLC-DT0JLD.html
DGLC-PN0YJ7,invite-DGLC-PN0YJ7.html
DGLC-SOW9P9,invite-DGLC-SOW9P9.html
DGLC-XL8Z26,invite-DGLC-XL8Z26.html
DGLC-VKRMFZ,invite-DGLC-VKRMFZ.html
DGLC-WL4T3K,invite-DGLC-WL4T3K.html
DGLC-LZ72QG,invite-DGLC-LZ72QG.html
DGLC-NGDDWH,invite-DGLC-NGDDWH.html
